{
  "oldParams": true,
  "wave_type": 2,
  "p_env_attack": 0.0007205194946979653,
  "p_env_sustain": 0.35654088918194976,
  "p_env_punch": 0.13364863820314998,
  "p_env_decay": 0.4162165026889543,
  "p_base_freq": 0.1737,
  "p_freq_limit": 0,
  "p_freq_ramp": -0.06614610060747637,
  "p_freq_dramp": 0.050118891122000846,
  "p_vib_strength": 0.287,
  "p_vib_speed": 0.9329757133105614,
  "p_arp_mod": -0.316,
  "p_arp_speed": 0.58,
  "p_duty": 0.31374256654410804,
  "p_duty_ramp": -0.11276385593611755,
  "p_repeat_speed": 0.459,
  "p_pha_offset": -0.313,
  "p_pha_ramp": -0.014718255910523788,
  "p_lpf_freq": 0.885,
  "p_lpf_ramp": 1,
  "p_lpf_resonance": 0.912,
  "p_hpf_freq": 0,
  "p_hpf_ramp": -0.164,
  "sound_vol": 0.25,
  "sample_rate": 44100,
  "sample_size": 8
}
