{
  "oldParams": true,
  "wave_type": 1,
  "p_env_attack": 0.18324126414891462,
  "p_env_sustain": 0.3210239509055136,
  "p_env_punch": 0.09178268873792184,
  "p_env_decay": 0.08685226673247043,
  "p_base_freq": 0.1737,
  "p_freq_limit": 0,
  "p_freq_ramp": 0.015292270205650244,
  "p_freq_dramp": 0.008778451282265605,
  "p_vib_strength": 0.0018183268093333428,
  "p_vib_speed": 0.49167435700113593,
  "p_arp_mod": -0.6650680715848754,
  "p_arp_speed": -0.7792522463019669,
  "p_duty": -0.40281174685891763,
  "p_duty_ramp": 0.006567170216577595,
  "p_repeat_speed": -0.6086097247169984,
  "p_pha_offset": 0.1506730121600394,
  "p_pha_ramp": 0.29681656919739924,
  "p_lpf_freq": 0.25474703087331063,
  "p_lpf_ramp": -0.7191417041339785,
  "p_lpf_resonance": -0.7310746082136674,
  "p_hpf_freq": 0.003321333483034244,
  "p_hpf_ramp": -0.000014610150450905234,
  "sound_vol": 0.25,
  "sample_rate": 44100,
  "sample_size": 8
}
