{
  "oldParams": true,
  "wave_type": 1,
  "p_env_attack": 0.0006050096658956595,
  "p_env_sustain": 0.714,
  "p_env_punch": 0.39612750213879805,
  "p_env_decay": -0.03875377943403857,
  "p_base_freq": 0.1737,
  "p_freq_limit": 0,
  "p_freq_ramp": 0.00803015194317699,
  "p_freq_dramp": 0.0003101108202951095,
  "p_vib_strength": -0.9633735738291304,
  "p_vib_speed": -0.29035331096769434,
  "p_arp_mod": 0,
  "p_arp_speed": 0.131,
  "p_duty": 0.7715374642975652,
  "p_duty_ramp": 0.727546471495788,
  "p_repeat_speed": -0.5873053146969236,
  "p_pha_offset": -0.13231711253459394,
  "p_pha_ramp": -0.10567944981436952,
  "p_lpf_freq": 0.8744405794433638,
  "p_lpf_ramp": 0.000014089524980618383,
  "p_lpf_resonance": -0.22335486590434117,
  "p_hpf_freq": 0.0003306650346049086,
  "p_hpf_ramp": 0.8111018060654309,
  "sound_vol": 0.25,
  "sample_rate": 44100,
  "sample_size": 8
}
