{
  "oldParams": true,
  "wave_type": 1,
  "p_env_attack": 0.010889673726746728,
  "p_env_sustain": 0.11284402787795655,
  "p_env_punch": 0.084624886294441,
  "p_env_decay": 0.8350428161553589,
  "p_base_freq": 0.1737,
  "p_freq_limit": 0,
  "p_freq_ramp": -0.18626894891446927,
  "p_freq_dramp": -0.8896303290667112,
  "p_vib_strength": -0.2326815709117142,
  "p_vib_speed": -0.27586981194801297,
  "p_arp_mod": -0.2272907840057774,
  "p_arp_speed": -0.4321246820039919,
  "p_duty": -0.5788103945991581,
  "p_duty_ramp": -0.20506967651807123,
  "p_repeat_speed": 0.8572332942001728,
  "p_pha_offset": 0.6292140180613268,
  "p_pha_ramp": 0.03580829847034507,
  "p_lpf_freq": 0.9488731234833739,
  "p_lpf_ramp": 0.10927467984861773,
  "p_lpf_resonance": 0.4770946849375579,
  "p_hpf_freq": 0.6864166388397058,
  "p_hpf_ramp": -0.7763422800726327,
  "sound_vol": 0.25,
  "sample_rate": 44100,
  "sample_size": 8
}
