{
  "oldParams": true,
  "wave_type": 0,
  "p_env_attack": -0.40276072629395543,
  "p_env_sustain": 0.7786753897015644,
  "p_env_punch": 0.08239351154572239,
  "p_env_decay": 0.5455438676002546,
  "p_base_freq": 0.174,
  "p_freq_limit": 0,
  "p_freq_ramp": 0.1228390169923728,
  "p_freq_dramp": 0.09603970714563938,
  "p_vib_strength": -0.5660213477487199,
  "p_vib_speed": -0.9593762484701747,
  "p_arp_mod": 0.0653810049797856,
  "p_arp_speed": -0.7852984225311583,
  "p_duty": -0.2283386885800549,
  "p_duty_ramp": -0.000002772759454796951,
  "p_repeat_speed": 0.4139485804084089,
  "p_pha_offset": -0.36359483976108103,
  "p_pha_ramp": -0.006601753807884095,
  "p_lpf_freq": 0.2932240577770908,
  "p_lpf_ramp": 0.04470917703023437,
  "p_lpf_resonance": 0.32968724467228494,
  "p_hpf_freq": 0.0007224969808030697,
  "p_hpf_ramp": 0.0006985942112318764,
  "sound_vol": 0.25,
  "sample_rate": 44100,
  "sample_size": 8
}
