{
  "oldParams": true,
  "wave_type": 1,
  "p_env_attack": 0,
  "p_env_sustain": 0.6226507375283268,
  "p_env_punch": 0.06645502583952458,
  "p_env_decay": 0.5344074293804763,
  "p_base_freq": 0.1737,
  "p_freq_limit": 0,
  "p_freq_ramp": -1.7030205721769867e-7,
  "p_freq_dramp": 0.0006295209352794272,
  "p_vib_strength": 0.21534582972470742,
  "p_vib_speed": -0.30237872704547786,
  "p_arp_mod": 0.014,
  "p_arp_speed": 0.223,
  "p_duty": -0.7393390016416521,
  "p_duty_ramp": 0.0559810910558478,
  "p_repeat_speed": -0.9604723269162925,
  "p_pha_offset": -0.8047132699808982,
  "p_pha_ramp": 0.008748760186856419,
  "p_lpf_freq": 0.7482651396153777,
  "p_lpf_ramp": -0.16991259588189428,
  "p_lpf_resonance": 0.7259580954454348,
  "p_hpf_freq": 0.000032599372408841264,
  "p_hpf_ramp": 0.0009754424224344982,
  "sound_vol": 0.25,
  "sample_rate": 44100,
  "sample_size": 8
}
