{
  "oldParams": true,
  "wave_type": 1,
  "p_env_attack": -0.009608066035068358,
  "p_env_sustain": 1.2207713612475495,
  "p_env_punch": 0.27150977490518213,
  "p_env_decay": -0.3478671740807085,
  "p_base_freq": 0.1737,
  "p_freq_limit": 0,
  "p_freq_ramp": -0.07290048047138967,
  "p_freq_dramp": -0.047509449634441724,
  "p_vib_strength": 0.017696825867729294,
  "p_vib_speed": 0.5408725729403263,
  "p_arp_mod": -0.1966362248903486,
  "p_arp_speed": 0.667,
  "p_duty": 0.32916728618271685,
  "p_duty_ramp": -0.03549935337200794,
  "p_repeat_speed": 0.337,
  "p_pha_offset": -0.4664950489965839,
  "p_pha_ramp": -0.3129212294093016,
  "p_lpf_freq": 0.9205835915023155,
  "p_lpf_ramp": -0.07559710541809814,
  "p_lpf_resonance": -0.9309223213441205,
  "p_hpf_freq": 0.002613247039971993,
  "p_hpf_ramp": -0.022771351262188395,
  "sound_vol": 0.25,
  "sample_rate": 44100,
  "sample_size": 8
}
