{
  "oldParams": true,
  "wave_type": 2,
  "p_env_attack": -0.07289460152950358,
  "p_env_sustain": 0.38330927908042467,
  "p_env_punch": 0.44350546954399567,
  "p_env_decay": 0.04391172543191524,
  "p_base_freq": 0.1737,
  "p_freq_limit": 0,
  "p_freq_ramp": -0.04775362770796153,
  "p_freq_dramp": -0.05896725128263363,
  "p_vib_strength": -0.19460405867398364,
  "p_vib_speed": 0.8685888842906797,
  "p_arp_mod": 0.3135213971238069,
  "p_arp_speed": -0.5344034009475229,
  "p_duty": -0.5370104574832855,
  "p_duty_ramp": 0.209768339149679,
  "p_repeat_speed": 0.3364064501961874,
  "p_pha_offset": -0.43954358673596955,
  "p_pha_ramp": 0.00622947760259949,
  "p_lpf_freq": 0.9836356943846006,
  "p_lpf_ramp": -0.3628393945615135,
  "p_lpf_resonance": -0.11383088153227705,
  "p_hpf_freq": 0.02521186859444969,
  "p_hpf_ramp": 0.0010407729437929545,
  "sound_vol": 0.25,
  "sample_rate": 44100,
  "sample_size": 8
}
