{
  "oldParams": true,
  "wave_type": 2,
  "p_env_attack": -0.022518701265779477,
  "p_env_sustain": 0.6614450721986472,
  "p_env_punch": 0.48422835372187956,
  "p_env_decay": 0.5013316557146781,
  "p_base_freq": 0.7635993504838379,
  "p_freq_limit": 0,
  "p_freq_ramp": -0.7340347146194292,
  "p_freq_dramp": 0.0032129288952113598,
  "p_vib_strength": -0.0018344358757353002,
  "p_vib_speed": 0.7352872577556708,
  "p_arp_mod": -0.8359871782557262,
  "p_arp_speed": 0.32689594420798973,
  "p_duty": 0.6154902231383295,
  "p_duty_ramp": -0.3116022100695576,
  "p_repeat_speed": -0.7513300052568337,
  "p_pha_offset": 0.05348575157217423,
  "p_pha_ramp": 0.23360017003192757,
  "p_lpf_freq": 0.9702087371224161,
  "p_lpf_ramp": 0.10415217514302778,
  "p_lpf_resonance": -0.02473486629338928,
  "p_hpf_freq": 0.002017840422567248,
  "p_hpf_ramp": -0.0015994840461734901,
  "sound_vol": 0.25,
  "sample_rate": 44100,
  "sample_size": 8
}
