{
  "oldParams": true,
  "wave_type": 0,
  "p_env_attack": 0.07153712989914703,
  "p_env_sustain": 0.1490761162658386,
  "p_env_punch": 0.10948578408748785,
  "p_env_decay": 0.08575994862170133,
  "p_base_freq": 0.10279076431231629,
  "p_freq_limit": 0,
  "p_freq_ramp": 0.10609983824182866,
  "p_freq_dramp": -0.138,
  "p_vib_strength": 0.03035096171917943,
  "p_vib_speed": -0.7589115817280079,
  "p_arp_mod": 0.39272515378745765,
  "p_arp_speed": -0.34561960188652807,
  "p_duty": 0.5788001180820392,
  "p_duty_ramp": 0.30765870775390525,
  "p_repeat_speed": 0.05932950185936181,
  "p_pha_offset": -0.012015473608227453,
  "p_pha_ramp": 0.019677074835768877,
  "p_lpf_freq": 0.6129508580358325,
  "p_lpf_ramp": -0.07824195975697414,
  "p_lpf_resonance": -0.678045923773648,
  "p_hpf_freq": 0.0022987599669501003,
  "p_hpf_ramp": 0.000016827489264542448,
  "sound_vol": 0.25,
  "sample_rate": 44100,
  "sample_size": 8
}
