{
  "oldParams": true,
  "wave_type": 3,
  "p_env_attack": 0,
  "p_env_sustain": 0.10069279440533146,
  "p_env_punch": 0.527970401701288,
  "p_env_decay": 0.264,
  "p_base_freq": 0.07374074812250565,
  "p_freq_limit": 0,
  "p_freq_ramp": -0.060707715446748536,
  "p_freq_dramp": -0.519,
  "p_vib_strength": 0,
  "p_vib_speed": 0,
  "p_arp_mod": 0,
  "p_arp_speed": 0,
  "p_duty": 0,
  "p_duty_ramp": 0,
  "p_repeat_speed": 0.49758510449742754,
  "p_pha_offset": -0.1560239311845151,
  "p_pha_ramp": -0.2369251108513585,
  "p_lpf_freq": 1,
  "p_lpf_ramp": 0,
  "p_lpf_resonance": 0,
  "p_hpf_freq": 0,
  "p_hpf_ramp": 0,
  "sound_vol": 0.25,
  "sample_rate": 44100,
  "sample_size": 8
}
