{
  "oldParams": true,
  "wave_type": 3,
  "p_env_attack": 0.04278268686207222,
  "p_env_sustain": 0.187,
  "p_env_punch": 0.03280457407537266,
  "p_env_decay": 0.111,
  "p_base_freq": 0.083,
  "p_freq_limit": 0,
  "p_freq_ramp": -0.04924512906453991,
  "p_freq_dramp": -0.67,
  "p_vib_strength": 0.04382917383104761,
  "p_vib_speed": -0.9932821869587962,
  "p_arp_mod": 0.20406392558657305,
  "p_arp_speed": -0.48915544878070194,
  "p_duty": 0.8167786172362939,
  "p_duty_ramp": -0.11708406997011286,
  "p_repeat_speed": -0.8756336918644374,
  "p_pha_offset": 0.07854260423492353,
  "p_pha_ramp": 0.5722077552743086,
  "p_lpf_freq": 0.9977398990713211,
  "p_lpf_ramp": 0.38182776871502266,
  "p_lpf_resonance": 0.8396038090884548,
  "p_hpf_freq": 0.13455852002680743,
  "p_hpf_ramp": 0.2278761983701019,
  "sound_vol": 0.25,
  "sample_rate": 44100,
  "sample_size": 8
}
