{
  "oldParams": true,
  "wave_type": 0,
  "p_env_attack": 0.04029609096021449,
  "p_env_sustain": 0.19059997838625087,
  "p_env_punch": 0.1639119387950148,
  "p_env_decay": 0.15989584760303033,
  "p_base_freq": 0.385,
  "p_freq_limit": 0,
  "p_freq_ramp": 0.0018712169144682552,
  "p_freq_dramp": -0.12843888589695662,
  "p_vib_strength": -0.04866358067743023,
  "p_vib_speed": 0.5676781841465388,
  "p_arp_mod": -0.9237496021701515,
  "p_arp_speed": 0.8760411444487466,
  "p_duty": -0.9942428083171266,
  "p_duty_ramp": 0.0041469708586826595,
  "p_repeat_speed": 0.571511497632238,
  "p_pha_offset": -0.0050752742176269445,
  "p_pha_ramp": -0.15832540228147557,
  "p_lpf_freq": 0.953320059243164,
  "p_lpf_ramp": -0.0002023744907568552,
  "p_lpf_resonance": 0.37788493930252476,
  "p_hpf_freq": 0.521773368619968,
  "p_hpf_ramp": 0.2805945634378178,
  "sound_vol": 0.25,
  "sample_rate": 44100,
  "sample_size": 8
}
