{
  "oldParams": true,
  "wave_type": 3,
  "p_env_attack": 0,
  "p_env_sustain": 0.2123641435182455,
  "p_env_punch": 0.5191651621710812,
  "p_env_decay": 0.11813806164440371,
  "p_base_freq": 0.658180917904695,
  "p_freq_limit": 0,
  "p_freq_ramp": -0.2739851391322679,
  "p_freq_dramp": 0,
  "p_vib_strength": 0.05402637579125227,
  "p_vib_speed": 0.4706442689720011,
  "p_arp_mod": 0,
  "p_arp_speed": 0,
  "p_duty": 0,
  "p_duty_ramp": 0,
  "p_repeat_speed": 0,
  "p_pha_offset": 0.3163493118603851,
  "p_pha_ramp": -0.07104380692203881,
  "p_lpf_freq": 1,
  "p_lpf_ramp": 0,
  "p_lpf_resonance": 0,
  "p_hpf_freq": 0,
  "p_hpf_ramp": 0,
  "sound_vol": 0.25,
  "sample_rate": 44100,
  "sample_size": 8
}
