{
  "oldParams": true,
  "wave_type": 2,
  "p_env_attack": 0.06014363536193069,
  "p_env_sustain": 0.7584240392303956,
  "p_env_punch": 0.33609753006518395,
  "p_env_decay": -0.5401151230020491,
  "p_base_freq": 0.5812612585152959,
  "p_freq_limit": 0,
  "p_freq_ramp": 0.0000024537824047824397,
  "p_freq_dramp": -0.0006050967676090964,
  "p_vib_strength": 0.8034836184340605,
  "p_vib_speed": 0.613809363414161,
  "p_arp_mod": -0.8521520599927552,
  "p_arp_speed": 0.6572288679650218,
  "p_duty": 0.5639754879519556,
  "p_duty_ramp": 0.06668698106595733,
  "p_repeat_speed": 0.023426769568842376,
  "p_pha_offset": 0.01279754533630971,
  "p_pha_ramp": 0.21300708612357586,
  "p_lpf_freq": 0.9999828122654122,
  "p_lpf_ramp": 0.0003000499915701988,
  "p_lpf_resonance": -0.1789425289540041,
  "p_hpf_freq": 0.4412938908433245,
  "p_hpf_ramp": -0.11906898200963413,
  "sound_vol": 0.25,
  "sample_rate": 44100,
  "sample_size": 8
}
