{
  "oldParams": true,
  "wave_type": 2,
  "p_env_attack": 0.02914160142427024,
  "p_env_sustain": 0.462591757152552,
  "p_env_punch": 0.002670862968133473,
  "p_env_decay": -0.17886384468495958,
  "p_base_freq": 0.043769501692770864,
  "p_freq_limit": 0,
  "p_freq_ramp": 0.07922337579035081,
  "p_freq_dramp": 0.28780050857882017,
  "p_vib_strength": 0.22786334658423912,
  "p_vib_speed": 0.5985322590033648,
  "p_arp_mod": -0.02160381177476567,
  "p_arp_speed": 0.15680011287630014,
  "p_duty": 0.7843935410618945,
  "p_duty_ramp": 0.08132654229263056,
  "p_repeat_speed": -0.7933733414270525,
  "p_pha_offset": -0.0180697485995467,
  "p_pha_ramp": 0.00532983619702456,
  "p_lpf_freq": 0.9997896898521427,
  "p_lpf_ramp": 0.6499816256616447,
  "p_lpf_resonance": 0.23746502783983225,
  "p_hpf_freq": 0.0016811266736956557,
  "p_hpf_ramp": -0.00002464015933942799,
  "sound_vol": 0.25,
  "sample_rate": 44100,
  "sample_size": 8
}
