{
  "oldParams": true,
  "wave_type": 1,
  "p_env_attack": -0.6608021861125771,
  "p_env_sustain": 0.4720014447386491,
  "p_env_punch": 0.5883113906652672,
  "p_env_decay": 0.8968864787091095,
  "p_base_freq": 0.107,
  "p_freq_limit": 0,
  "p_freq_ramp": -0.006851319951376322,
  "p_freq_dramp": -0.4577012693047451,
  "p_vib_strength": -0.02597452868436633,
  "p_vib_speed": 0.8622317687465328,
  "p_arp_mod": -0.01779940595094498,
  "p_arp_speed": 0.7268596316409583,
  "p_duty": 0.8826569755167435,
  "p_duty_ramp": 0.049444875033788076,
  "p_repeat_speed": -0.5152718316935154,
  "p_pha_offset": -0.0507520832771588,
  "p_pha_ramp": -0.0810688300611398,
  "p_lpf_freq": 0.9794567705602074,
  "p_lpf_ramp": 0.7091966529987519,
  "p_lpf_resonance": 0.6716971988024807,
  "p_hpf_freq": 0.0022327440432957577,
  "p_hpf_ramp": -0.09893550730326324,
  "sound_vol": 0.25,
  "sample_rate": 44100,
  "sample_size": 8
}
