{
  "oldParams": true,
  "wave_type": 0,
  "p_env_attack": 0.5296262699883557,
  "p_env_sustain": 0.08452330415705286,
  "p_env_punch": 0.22221561269040263,
  "p_env_decay": 0.36600528374380015,
  "p_base_freq": 0.262,
  "p_freq_limit": 0,
  "p_freq_ramp": -0.013176049324218482,
  "p_freq_dramp": -0.38397769105380825,
  "p_vib_strength": 0.11036136482085952,
  "p_vib_speed": -0.7354222840431959,
  "p_arp_mod": 0.40171552471200433,
  "p_arp_speed": 0.9986174960639402,
  "p_duty": -0.5428026333844447,
  "p_duty_ramp": 0.0000207701401746507,
  "p_repeat_speed": -0.501232131836119,
  "p_pha_offset": -0.014241284406774558,
  "p_pha_ramp": -0.10561502479838832,
  "p_lpf_freq": 0.6568191846556538,
  "p_lpf_ramp": 0.0013417572801499556,
  "p_lpf_resonance": -0.22600366858570986,
  "p_hpf_freq": 0.005449890974213366,
  "p_hpf_ramp": 0.06674357363716431,
  "sound_vol": 0.25,
  "sample_rate": 44100,
  "sample_size": 8
}
