{
  "oldParams": true,
  "wave_type": 0,
  "p_env_attack": -0.19244759803718098,
  "p_env_sustain": 1,
  "p_env_punch": 0.005067383049452082,
  "p_env_decay": 0.762,
  "p_base_freq": -0.03897305783196847,
  "p_freq_limit": 0,
  "p_freq_ramp": -0.03463160361794553,
  "p_freq_dramp": -0.08618574795428738,
  "p_vib_strength": -0.010282233987150753,
  "p_vib_speed": 0.5481883293768315,
  "p_arp_mod": -0.8391995825724115,
  "p_arp_speed": -0.8635337131245227,
  "p_duty": -0.1354698849009579,
  "p_duty_ramp": -0.4327131007665703,
  "p_repeat_speed": -0.7017780278169519,
  "p_pha_offset": 0.0012788310302565033,
  "p_pha_ramp": 0.008169155525334074,
  "p_lpf_freq": 0.9809904491445781,
  "p_lpf_ramp": 0.49683096827135287,
  "p_lpf_resonance": -0.32968648604519846,
  "p_hpf_freq": 0.3002258990378083,
  "p_hpf_ramp": -0.5852653983961607,
  "sound_vol": 0.25,
  "sample_rate": 44100,
  "sample_size": 8
}
