{
  "oldParams": true,
  "wave_type": 3,
  "p_env_attack": -0.056090197986888676,
  "p_env_sustain": 0.8207543032723436,
  "p_env_punch": 0.03161822520021989,
  "p_env_decay": -0.21548550762048313,
  "p_base_freq": 0.020168464678831873,
  "p_freq_limit": 0,
  "p_freq_ramp": 0.11197773983078063,
  "p_freq_dramp": 0.6767674584421066,
  "p_vib_strength": 0.18925965654762866,
  "p_vib_speed": -0.36572955837009724,
  "p_arp_mod": 0.6186633322643149,
  "p_arp_speed": -0.4053202004577998,
  "p_duty": 0.190311314584116,
  "p_duty_ramp": 0.6256050258661334,
  "p_repeat_speed": 0.9652838788024789,
  "p_pha_offset": -0.000794098359784231,
  "p_pha_ramp": -0.14559414485109695,
  "p_lpf_freq": 0.9402622927030189,
  "p_lpf_ramp": -0.21632460062714895,
  "p_lpf_resonance": 0.5765946971813469,
  "p_hpf_freq": 0.0535507231130452,
  "p_hpf_ramp": -0.022919230124237973,
  "sound_vol": 0.25,
  "sample_rate": 44100,
  "sample_size": 8
}
