{
  "oldParams": true,
  "wave_type": 1,
  "p_env_attack": -0.004702440121258855,
  "p_env_sustain": 0.863,
  "p_env_punch": 0.19221868546511464,
  "p_env_decay": 0.3133286659617497,
  "p_base_freq": 0.10900228784987552,
  "p_freq_limit": 0,
  "p_freq_ramp": 0.07335957063320805,
  "p_freq_dramp": 0.0002581705385347964,
  "p_vib_strength": 0.059270620740710996,
  "p_vib_speed": -0.6848952927227574,
  "p_arp_mod": 0.41227416724115895,
  "p_arp_speed": 0.3031019901714562,
  "p_duty": 0.8689187051904781,
  "p_duty_ramp": 0.7399635343408933,
  "p_repeat_speed": -0.7718119079033006,
  "p_pha_offset": 0.7241693700777825,
  "p_pha_ramp": 0.38963056811339375,
  "p_lpf_freq": 0.9943498024471243,
  "p_lpf_ramp": -0.009916524299330326,
  "p_lpf_resonance": -0.30608800768307565,
  "p_hpf_freq": 0.09822905218248121,
  "p_hpf_ramp": 0.1530978160572386,
  "sound_vol": 0.25,
  "sample_rate": 44100,
  "sample_size": 8
}
