{
  "oldParams": true,
  "wave_type": 3,
  "p_env_attack": 0.003112016075752631,
  "p_env_sustain": 1,
  "p_env_punch": 0.10371657514588671,
  "p_env_decay": 0.895,
  "p_base_freq": 0.2962165102089739,
  "p_freq_limit": 0,
  "p_freq_ramp": -0.62883528043218,
  "p_freq_dramp": 0.0035896051003909525,
  "p_vib_strength": -0.19784990888528423,
  "p_vib_speed": -0.5893948004589602,
  "p_arp_mod": -0.7300229192895147,
  "p_arp_speed": 0.8593427989975697,
  "p_duty": -0.3087985288685928,
  "p_duty_ramp": 0.5142314842079266,
  "p_repeat_speed": 0.9748943291446228,
  "p_pha_offset": 0.1964165455790719,
  "p_pha_ramp": 0.07507403716409912,
  "p_lpf_freq": 0.115,
  "p_lpf_ramp": -0.0024781045308966887,
  "p_lpf_resonance": 0.653,
  "p_hpf_freq": 0.37409661217905826,
  "p_hpf_ramp": 2.009032231868033e-8,
  "sound_vol": 0.25,
  "sample_rate": 44100,
  "sample_size": 8
}
