{
  "oldParams": true,
  "wave_type": 0,
  "p_env_attack": -0.047358617023988615,
  "p_env_sustain": 1.0616601127548573,
  "p_env_punch": 0.006672888208480025,
  "p_env_decay": -0.1361834277772329,
  "p_base_freq": -0.09232429239180007,
  "p_freq_limit": 0,
  "p_freq_ramp": 0.004718528636291753,
  "p_freq_dramp": -0.010304395169152783,
  "p_vib_strength": 0.2167239546948523,
  "p_vib_speed": 0.9161080179762866,
  "p_arp_mod": 0.9304644428215769,
  "p_arp_speed": 0.9569099761092934,
  "p_duty": -0.7879654154570883,
  "p_duty_ramp": -0.003175343296264293,
  "p_repeat_speed": -0.3698218640155937,
  "p_pha_offset": -0.04625509114366112,
  "p_pha_ramp": 0.07104542069948364,
  "p_lpf_freq": 0.813,
  "p_lpf_ramp": -0.003982881557572338,
  "p_lpf_resonance": -0.833199496758092,
  "p_hpf_freq": 0.2611095954290488,
  "p_hpf_ramp": 0.8227074533308552,
  "sound_vol": 0.25,
  "sample_rate": 44100,
  "sample_size": 8
}
