{
  "oldParams": true,
  "wave_type": 3,
  "p_env_attack": -0.00011908444651113811,
  "p_env_sustain": 0.8436391308291236,
  "p_env_punch": 0.09437548070835007,
  "p_env_decay": 0,
  "p_base_freq": 0.0344834168301218,
  "p_freq_limit": 0,
  "p_freq_ramp": -0.01060138382988605,
  "p_freq_dramp": -0.015369009290105344,
  "p_vib_strength": -0.12534038760785493,
  "p_vib_speed": -0.8394758077409752,
  "p_arp_mod": 0.8425393970038011,
  "p_arp_speed": 0.08158287907916772,
  "p_duty": -0.4377773756049612,
  "p_duty_ramp": 0.5813459225007871,
  "p_repeat_speed": 0.232659103142431,
  "p_pha_offset": -0.0000023981472200562952,
  "p_pha_ramp": 0.00008497358571161282,
  "p_lpf_freq": 0.9840868742042816,
  "p_lpf_ramp": -0.34459665005075785,
  "p_lpf_resonance": -0.6073279632081197,
  "p_hpf_freq": 0.9058121736935386,
  "p_hpf_ramp": -0.01558035245456925,
  "sound_vol": 0.25,
  "sample_rate": 44100,
  "sample_size": 8
}
