{
  "oldParams": true,
  "wave_type": 2,
  "p_env_attack": 0.02670268487463665,
  "p_env_sustain": 0.2719519575223733,
  "p_env_punch": 0.6089330694960292,
  "p_env_decay": 0.3132435561552295,
  "p_base_freq": 0.2477,
  "p_freq_limit": 0,
  "p_freq_ramp": 0.0013309383351403706,
  "p_freq_dramp": -0.5177773111777876,
  "p_vib_strength": 0.3299709132087036,
  "p_vib_speed": 0.4069148592451055,
  "p_arp_mod": 0.7156768280753523,
  "p_arp_speed": 0.36418376109150374,
  "p_duty": 0.918911778076505,
  "p_duty_ramp": 0.0014734816885255636,
  "p_repeat_speed": 0.14520305823942747,
  "p_pha_offset": 0.007196118710572086,
  "p_pha_ramp": 0.20325460914867496,
  "p_lpf_freq": 0.0992569768391689,
  "p_lpf_ramp": 0.30885910581307596,
  "p_lpf_resonance": -0.7143014677720689,
  "p_hpf_freq": 0.0003199093246232803,
  "p_hpf_ramp": 0.01723144277063263,
  "sound_vol": 0.25,
  "sample_rate": 44100,
  "sample_size": 8
}
