{
  "oldParams": true,
  "wave_type": 3,
  "p_env_attack": -0.5530245098379198,
  "p_env_sustain": 1,
  "p_env_punch": 0.33313050251267085,
  "p_env_decay": 1,
  "p_base_freq": 0.005066498494265386,
  "p_freq_limit": 0,
  "p_freq_ramp": 0.740520788597671,
  "p_freq_dramp": -0.02008803736725953,
  "p_vib_strength": -0.043107015651951214,
  "p_vib_speed": -0.8317268918982419,
  "p_arp_mod": -0.571761484279967,
  "p_arp_speed": 0.24862607636065515,
  "p_duty": 0.7540842675729649,
  "p_duty_ramp": 0.0003090350038466228,
  "p_repeat_speed": 0.11242273227885202,
  "p_pha_offset": -0.7207426911447166,
  "p_pha_ramp": -0.0009982206557443154,
  "p_lpf_freq": 0.076,
  "p_lpf_ramp": 0.052,
  "p_lpf_resonance": 0.341,
  "p_hpf_freq": 0,
  "p_hpf_ramp": 0.871,
  "sound_vol": 0.25,
  "sample_rate": 44100,
  "sample_size": 8
}
