{
  "oldParams": true,
  "wave_type": 1,
  "p_env_attack": -0.8299532065954415,
  "p_env_sustain": 0.5167220428709635,
  "p_env_punch": 0.22618426001756956,
  "p_env_decay": 0.8848443825592887,
  "p_base_freq": 0.1527377223487129,
  "p_freq_limit": 0,
  "p_freq_ramp": 0.034835896670004356,
  "p_freq_dramp": -0.013435944751016782,
  "p_vib_strength": 0.45925128829815665,
  "p_vib_speed": -0.591248492913329,
  "p_arp_mod": 0.9387422882670653,
  "p_arp_speed": -0.12092406825715907,
  "p_duty": -0.7383219186179788,
  "p_duty_ramp": -0.0022522945331843684,
  "p_repeat_speed": -0.7474162462135503,
  "p_pha_offset": 0.08183812156666549,
  "p_pha_ramp": 0.5439387836614964,
  "p_lpf_freq": 0.5088416156779197,
  "p_lpf_ramp": -0.14353679692183624,
  "p_lpf_resonance": -0.31761193239206764,
  "p_hpf_freq": 0.000027795268781758796,
  "p_hpf_ramp": -0.013572502716395202,
  "sound_vol": 0.25,
  "sample_rate": 44100,
  "sample_size": 8
}
