{
  "oldParams": true,
  "wave_type": 1,
  "p_env_attack": -0.00010621591225459946,
  "p_env_sustain": 1,
  "p_env_punch": 0.0607356023780135,
  "p_env_decay": 0.4509116653234089,
  "p_base_freq": 0.105,
  "p_freq_limit": 0,
  "p_freq_ramp": 0.059,
  "p_freq_dramp": 0.096,
  "p_vib_strength": 0.5819838774648146,
  "p_vib_speed": 0.5150044365224213,
  "p_arp_mod": 0.5791599933678753,
  "p_arp_speed": 0.37638219001407136,
  "p_duty": -0.07712650277895028,
  "p_duty_ramp": -0.014874789674458906,
  "p_repeat_speed": -0.5756719539566189,
  "p_pha_offset": -0.5316867471223274,
  "p_pha_ramp": 0.000048017799176987524,
  "p_lpf_freq": 0.8492932505353064,
  "p_lpf_ramp": -0.19820284604019078,
  "p_lpf_resonance": 0.6772989010557768,
  "p_hpf_freq": 0.5163432547675609,
  "p_hpf_ramp": 0.04072833341050633,
  "sound_vol": 0.25,
  "sample_rate": 44100,
  "sample_size": 8
}
