{
  "oldParams": true,
  "wave_type": 0,
  "p_env_attack": -0.7639948705659699,
  "p_env_sustain": 0.5134070248179586,
  "p_env_punch": 0.09428224504075687,
  "p_env_decay": -0.08285198210603262,
  "p_base_freq": 0.1737,
  "p_freq_limit": 0,
  "p_freq_ramp": -0.00255837836440531,
  "p_freq_dramp": -0.8396673353620016,
  "p_vib_strength": -0.0946418266352177,
  "p_vib_speed": 0.42163347969897114,
  "p_arp_mod": -0.5044552502881006,
  "p_arp_speed": 0.6085989150588673,
  "p_duty": 0.1950107822147662,
  "p_duty_ramp": -0.015847478024631104,
  "p_repeat_speed": 0.9416429021115122,
  "p_pha_offset": 0.3068251762714588,
  "p_pha_ramp": 0.5249134985394623,
  "p_lpf_freq": 0.5686928340153096,
  "p_lpf_ramp": -0.026689458775340222,
  "p_lpf_resonance": 0.8928047318307648,
  "p_hpf_freq": 0.9633332403048392,
  "p_hpf_ramp": -0.19860261351055827,
  "sound_vol": 0.25,
  "sample_rate": 44100,
  "sample_size": 8
}
