{
  "oldParams": true,
  "wave_type": 2,
  "p_env_attack": -0.020188846646573427,
  "p_env_sustain": 1,
  "p_env_punch": 0.12883998527278995,
  "p_env_decay": 1,
  "p_base_freq": 0.136,
  "p_freq_limit": 0,
  "p_freq_ramp": 0.067,
  "p_freq_dramp": -0.137,
  "p_vib_strength": -0.00409134335287214,
  "p_vib_speed": 0.11786384156869656,
  "p_arp_mod": 0.28691432775651116,
  "p_arp_speed": 0.8038122897295199,
  "p_duty": -0.9930936956992393,
  "p_duty_ramp": -0.05579009697871747,
  "p_repeat_speed": -0.3049869042855309,
  "p_pha_offset": 0.000033515169815636007,
  "p_pha_ramp": 0.0366111108136314,
  "p_lpf_freq": 0.9681760007109046,
  "p_lpf_ramp": -0.3411826156717242,
  "p_lpf_resonance": 0.29055893175436265,
  "p_hpf_freq": 0.01361966716417501,
  "p_hpf_ramp": -0.20792429121244843,
  "sound_vol": 0.25,
  "sample_rate": 44100,
  "sample_size": 8
}
