{
  "oldParams": true,
  "wave_type": 1,
  "p_env_attack": 0.010440390514725806,
  "p_env_sustain": 1,
  "p_env_punch": 0.5560469547720088,
  "p_env_decay": 1,
  "p_base_freq": 0.509114477805555,
  "p_freq_limit": 0,
  "p_freq_ramp": 0.08664694231098785,
  "p_freq_dramp": -0.013614761014763666,
  "p_vib_strength": 0.1412181560951659,
  "p_vib_speed": 0.12145063465961203,
  "p_arp_mod": 0.27641640210159313,
  "p_arp_speed": -0.834482993254426,
  "p_duty": 0.6563628029657864,
  "p_duty_ramp": -0.18729674998056395,
  "p_repeat_speed": -0.959601263298324,
  "p_pha_offset": -0.7904344816116361,
  "p_pha_ramp": -0.9353337650163857,
  "p_lpf_freq": 0.7920979250965605,
  "p_lpf_ramp": -0.31206576643112793,
  "p_lpf_resonance": -0.2555033315017412,
  "p_hpf_freq": 1.9552749708455562e-7,
  "p_hpf_ramp": -0.3560377533953743,
  "sound_vol": 0.25,
  "sample_rate": 44100,
  "sample_size": 8
}
