{
  "oldParams": true,
  "wave_type": 3,
  "p_env_attack": 0.8123663602303433,
  "p_env_sustain": 0.28048990318371625,
  "p_env_punch": 0.0897770196358508,
  "p_env_decay": 0.6626543586273286,
  "p_base_freq": 0.053,
  "p_freq_limit": 0,
  "p_freq_ramp": -0.00048561300536140286,
  "p_freq_dramp": -0.061668833801835646,
  "p_vib_strength": -0.01013572352913172,
  "p_vib_speed": -0.1322173576046659,
  "p_arp_mod": 0.5980267825353998,
  "p_arp_speed": 0,
  "p_duty": -0.46414567438910104,
  "p_duty_ramp": 0.3270995484629685,
  "p_repeat_speed": 0.7678787791883406,
  "p_pha_offset": -0.09684260102346913,
  "p_pha_ramp": 0.019261529855648902,
  "p_lpf_freq": 0.6438220165924338,
  "p_lpf_ramp": 0.35633922242406996,
  "p_lpf_resonance": 0.4820289944744771,
  "p_hpf_freq": 0.4856153819683714,
  "p_hpf_ramp": 0.00004966840119385548,
  "sound_vol": 0.25,
  "sample_rate": 44100,
  "sample_size": 8
}
