{
  "oldParams": true,
  "wave_type": 3,
  "p_env_attack": 0.018829527866145147,
  "p_env_sustain": 0.87354679090368,
  "p_env_punch": 0.0000010133441820256264,
  "p_env_decay": 0.20516211150419505,
  "p_base_freq": 0.134,
  "p_freq_limit": 0,
  "p_freq_ramp": -0.7326290076914426,
  "p_freq_dramp": 0.16463840207126668,
  "p_vib_strength": -0.5911139792014083,
  "p_vib_speed": -0.23773773967825873,
  "p_arp_mod": -0.07964164749740243,
  "p_arp_speed": -0.5701930823108747,
  "p_duty": 0.28579752532364955,
  "p_duty_ramp": 0.5325023982780122,
  "p_repeat_speed": 0.49455720404644565,
  "p_pha_offset": -0.07599238469483838,
  "p_pha_ramp": 0.7767901163435581,
  "p_lpf_freq": 0.8124002021970848,
  "p_lpf_ramp": -0.03105199661983051,
  "p_lpf_resonance": -0.9077993749788782,
  "p_hpf_freq": 0.10327689323854754,
  "p_hpf_ramp": -6.663711926344803e-9,
  "sound_vol": 0.25,
  "sample_rate": 44100,
  "sample_size": 8
}
