{
  "oldParams": true,
  "wave_type": 3,
  "p_env_attack": -0.45467375938693627,
  "p_env_sustain": 1,
  "p_env_punch": 0.2242106168009153,
  "p_env_decay": 1,
  "p_base_freq": 0.09061487455315609,
  "p_freq_limit": 0,
  "p_freq_ramp": 0.100415383657476,
  "p_freq_dramp": -0.07169396689281879,
  "p_vib_strength": -0.08354288067187784,
  "p_vib_speed": -0.5356509050116733,
  "p_arp_mod": 0.36131501400152044,
  "p_arp_speed": -0.28843653040055894,
  "p_duty": -0.33546676484950977,
  "p_duty_ramp": 0.7845592416840736,
  "p_repeat_speed": -0.895352274131614,
  "p_pha_offset": -0.2855559519712281,
  "p_pha_ramp": -0.0057585954423069186,
  "p_lpf_freq": 0.7557291784200766,
  "p_lpf_ramp": 0.9383470168576752,
  "p_lpf_resonance": -0.5712776969500404,
  "p_hpf_freq": 0.05119419711553481,
  "p_hpf_ramp": -0.014479412213081794,
  "sound_vol": 0.25,
  "sample_rate": 44100,
  "sample_size": 8
}
