{
  "oldParams": true,
  "wave_type": 0,
  "p_env_attack": 0.15747747605124435,
  "p_env_sustain": 0.618153074030768,
  "p_env_punch": 0.00022797819789841108,
  "p_env_decay": -0.21767119878423458,
  "p_base_freq": 0.016089121985355784,
  "p_freq_limit": 0,
  "p_freq_ramp": 0.211102489410539,
  "p_freq_dramp": 0.3770034489484059,
  "p_vib_strength": 0.022444174162406846,
  "p_vib_speed": 0.34107392691422755,
  "p_arp_mod": -0.5723216260026007,
  "p_arp_speed": -0.16809315577692785,
  "p_duty": 0.6043024363486409,
  "p_duty_ramp": -0.042868489441477815,
  "p_repeat_speed": 0.35498795462161437,
  "p_pha_offset": -0.0001012210443418185,
  "p_pha_ramp": 0.015046532913735802,
  "p_lpf_freq": 0.5985481859387618,
  "p_lpf_ramp": 0.02923463045441485,
  "p_lpf_resonance": 0.6460356221211214,
  "p_hpf_freq": 0.10585066348145188,
  "p_hpf_ramp": 0.5897031043973813,
  "sound_vol": 0.25,
  "sample_rate": 44100,
  "sample_size": 8
}
