{
  "oldParams": true,
  "wave_type": 0,
  "p_env_attack": 0.003906595671125327,
  "p_env_sustain": 1,
  "p_env_punch": 0.14880855810877439,
  "p_env_decay": -0.3260005041945596,
  "p_base_freq": 0.1737,  
  "p_freq_limit": 0,
  "p_freq_ramp": 0.023533212992227975,
  "p_freq_dramp": 0.0009775302283483007,
  "p_vib_strength": 0.1699411727779777,
  "p_vib_speed": -0.09565894278998321,
  "p_arp_mod": 0.8715640820144963,
  "p_arp_speed": -0.9092130223410815,
  "p_duty": -0.5966571466442729,
  "p_duty_ramp": 0.0058865843418894614,
  "p_repeat_speed": -0.21450177578372354,
  "p_pha_offset": 0.0001640350067442959,
  "p_pha_ramp": 0.2290839018004259,
  "p_lpf_freq": 0.3502301770621308,
  "p_lpf_ramp": 0.04494086706955753,
  "p_lpf_resonance": 0.4687100526664021,
  "p_hpf_freq": 0.005349384764470397,
  "p_hpf_ramp": 0.1557735070060912,
  "sound_vol": 0.25,
  "sample_rate": 44100,
  "sample_size": 8
}
