{
  "oldParams": true,
  "wave_type": 1,
  "p_env_attack": -0.7412878522371891,
  "p_env_sustain": 0.5381851866736008,
  "p_env_punch": 0.2697822789897842,
  "p_env_decay": 0.6281012700331896,
  "p_base_freq": 0.13122967060438576,
  "p_freq_limit": 0,
  "p_freq_ramp": -0.047840407555545326,
  "p_freq_dramp": -0.950600684314995,
  "p_vib_strength": -0.12652651571859028,
  "p_vib_speed": 0.8527554833339648,
  "p_arp_mod": -0.42851917191787714,
  "p_arp_speed": -0.0702225419771394,
  "p_duty": 0.42772544102949017,
  "p_duty_ramp": 0.0008300071444226098,
  "p_repeat_speed": 0.7072595174384699,
  "p_pha_offset": 0.9173873415803392,
  "p_pha_ramp": 0.5904731625462762,
  "p_lpf_freq": 0.36272260095804254,
  "p_lpf_ramp": 0.0008369898661943606,
  "p_lpf_resonance": 0.987956926860452,
  "p_hpf_freq": 0.0000033136685545247303,
  "p_hpf_ramp": 0.18857414269189407,
  "sound_vol": 0.25,
  "sample_rate": 44100,
  "sample_size": 8
}
