{
  "oldParams": true,
  "wave_type": 1,
  "p_env_attack": 0.3195543236602466,
  "p_env_sustain": 1,
  "p_env_punch": 0.2636175910941607,
  "p_env_decay": 0.988,
  "p_base_freq": 0.173,
  "p_freq_limit": 0,
  "p_freq_ramp": -0.00009584867770885837,
  "p_freq_dramp": 0.11444401543469548,
  "p_vib_strength": 0.7352422880710295,
  "p_vib_speed": 0.5073464112352084,
  "p_arp_mod": 0.5331896611437741,
  "p_arp_speed": -0.4031656211162846,
  "p_duty": 0.990445086830722,
  "p_duty_ramp": 0.4509636847199747,
  "p_repeat_speed": 0.5864689862599057,
  "p_pha_offset": 0.028125908134250102,
  "p_pha_ramp": -0.011665338146192555,
  "p_lpf_freq": 0.8289901505379433,
  "p_lpf_ramp": -0.12233629839403412,
  "p_lpf_resonance": 0.2515850096930965,
  "p_hpf_freq": 0.00396044318576266,
  "p_hpf_ramp": -0.23090134497295808,
  "sound_vol": 0.25,
  "sample_rate": 44100,
  "sample_size": 8
}
