{
  "oldParams": true,
  "wave_type": 2,
  "p_env_attack": 0.4895770102376507,
  "p_env_sustain": 0.32703950649751357,
  "p_env_punch": 0.15135080281718616,
  "p_env_decay": 0.2826740149204221,
  "p_base_freq": 0.3711085113651843,
  "p_freq_limit": 0,
  "p_freq_ramp": -1.2550630345996222e-8,
  "p_freq_dramp": -0.4150182630498223,
  "p_vib_strength": 0.22554406091497378,
  "p_vib_speed": 0.7515410926672967,
  "p_arp_mod": 0.6583450834253866,
  "p_arp_speed": 0.29264910351619045,
  "p_duty": -0.4311094962435462,
  "p_duty_ramp": -0.3412893340308062,
  "p_repeat_speed": -0.09290377755448542,
  "p_pha_offset": 0.14469392549558646,
  "p_pha_ramp": -0.024838507941133153,
  "p_lpf_freq": 0.9966137018960666,
  "p_lpf_ramp": -0.4786790299054521,
  "p_lpf_resonance": 0.361600294720998,
  "p_hpf_freq": 0.00007282656040700986,
  "p_hpf_ramp": -0.298327985198727,
  "sound_vol": 0.25,
  "sample_rate": 44100,
  "sample_size": 8
}
