{
  "oldParams": true,
  "wave_type": 1,
  "p_env_attack": -0.5625150151774956,
  "p_env_sustain": 0.46939563277505814,
  "p_env_punch": 0.048669299801511134,
  "p_env_decay": 0.9315831503958791,
  "p_base_freq": 0.06409355691772474,
  "p_freq_limit": 0,
  "p_freq_ramp": 0.17414281915296617,
  "p_freq_dramp": -0.00030342164075614336,
  "p_vib_strength": -0.06997888114167314,
  "p_vib_speed": -0.09206278297857384,
  "p_arp_mod": 0.8984283557003527,
  "p_arp_speed": -0.8881297338811027,
  "p_duty": 0.6251684328162761,
  "p_duty_ramp": -0.1280235922766153,
  "p_repeat_speed": -0.24536920532830608,
  "p_pha_offset": -0.000035057860028600514,
  "p_pha_ramp": -0.03193250362322685,
  "p_lpf_freq": 0.979904366438364,
  "p_lpf_ramp": -0.03834645802870523,
  "p_lpf_resonance": -0.40156237664052097,
  "p_hpf_freq": 0.7621681752522504,
  "p_hpf_ramp": 0.6635896012541763,
  "sound_vol": 0.25,
  "sample_rate": 44100,
  "sample_size": 8
}
