{
  "oldParams": true,
  "wave_type": 2,
  "p_env_attack": 4.850390236665648e-7,
  "p_env_sustain": 0.9603683322288622,
  "p_env_punch": 0.6397975018793114,
  "p_env_decay": -0.26543152726540614,
  "p_base_freq": 0.07925249899875367,
  "p_freq_limit": 0,
  "p_freq_ramp": 0.0859457909865714,
  "p_freq_dramp": -0.0001871979668505653,
  "p_vib_strength": 0.929211334721537,
  "p_vib_speed": -0.15028299996703054,
  "p_arp_mod": 0.34323715392091136,
  "p_arp_speed": -0.25535581185224054,
  "p_duty": -0.8222218385241216,
  "p_duty_ramp": 0.010505943808434969,
  "p_repeat_speed": 0.6320312772369074,
  "p_pha_offset": 0.7431944119709015,
  "p_pha_ramp": -0.3372170099364568,
  "p_lpf_freq": 0.7738538229728703,
  "p_lpf_ramp": -0.3814772822287787,
  "p_lpf_resonance": 0.6047094754497218,
  "p_hpf_freq": 0.16607917267714717,
  "p_hpf_ramp": -0.06936707557146791,
  "sound_vol": 0.25,
  "sample_rate": 44100,
  "sample_size": 8
}
