{
  "oldParams": true,
  "wave_type": 3,
  "p_env_attack": 0.007872481846662447,
  "p_env_sustain": 0.8732720798058169,
  "p_env_punch": 0.18303203357944028,
  "p_env_decay": -0.1926795719981083,
  "p_base_freq": 0.169,
  "p_freq_limit": 0,
  "p_freq_ramp": -0.000013779241149596065,
  "p_freq_dramp": -0.6465366356179225,
  "p_vib_strength": -0.002685324006526915,
  "p_vib_speed": 0.5805563108989509,
  "p_arp_mod": 0.42208744367300133,
  "p_arp_speed": 0.6537958460241298,
  "p_duty": -0.019360789569641934,
  "p_duty_ramp": -0.28327036343131007,
  "p_repeat_speed": 0.277870554344644,
  "p_pha_offset": 0.4040794198847878,
  "p_pha_ramp": -0.08757263390422533,
  "p_lpf_freq": 0.33707342493922265,
  "p_lpf_ramp": 0.18512026878508214,
  "p_lpf_resonance": 0.6273886826572264,
  "p_hpf_freq": 0.003857535290697507,
  "p_hpf_ramp": -0.0012396367512414767,
  "sound_vol": 0.25,
  "sample_rate": 44100,
  "sample_size": 8
}
