{
  "oldParams": true,
  "wave_type": 1,
  "p_env_attack": -0.3476073412410431,
  "p_env_sustain": 0.9853164144551522,
  "p_env_punch": 0.08849926781831015,
  "p_env_decay": 1,
  "p_base_freq": 0.28,
  "p_freq_limit": 0,
  "p_freq_ramp": -0.3953037132477512,
  "p_freq_dramp": -0.17090027130411894,
  "p_vib_strength": -0.12645268197024287,
  "p_vib_speed": 0.12068125899741022,
  "p_arp_mod": -0.4017820377615151,
  "p_arp_speed": 0.985101895504277,
  "p_duty": -0.2769232634873273,
  "p_duty_ramp": 0.12355984533142692,
  "p_repeat_speed": 0.6496123907047762,
  "p_pha_offset": 0.05945999617055562,
  "p_pha_ramp": -0.1755957863636898,
  "p_lpf_freq": 0.9998526866898518,
  "p_lpf_ramp": -0.25162041791679385,
  "p_lpf_resonance": 0.16857225614565663,
  "p_hpf_freq": 0.003652344345077763,
  "p_hpf_ramp": -1.4465942601083718e-13,
  "sound_vol": 0.25,
  "sample_rate": 44100,
  "sample_size": 8
}
