{
  "oldParams": true,
  "wave_type": 1,
  "p_env_attack": -0.36883167951813695,
  "p_env_sustain": 0.7956832589187978,
  "p_env_punch": 0.06319546168206013,
  "p_env_decay": 0.6461092509774322,
  "p_base_freq": 0.9793466864074094,
  "p_freq_limit": 0,
  "p_freq_ramp": -0.007959868917401523,
  "p_freq_dramp": -0.8036991989699,
  "p_vib_strength": -0.16727803727833143,
  "p_vib_speed": -0.9881863722369548,
  "p_arp_mod": -0.7806835553295317,
  "p_arp_speed": 0.5209193209249385,
  "p_duty": -0.9370696064586963,
  "p_duty_ramp": -0.2725842808883301,
  "p_repeat_speed": -0.8917225366658896,
  "p_pha_offset": 0.5332026129701841,
  "p_pha_ramp": 0.572758764174508,
  "p_lpf_freq": 0.9809946194542951,
  "p_lpf_ramp": 0.45357241725444297,
  "p_lpf_resonance": -0.7470460600849416,
  "p_hpf_freq": 7.94449343686687e-8,
  "p_hpf_ramp": -1.8447403322557759e-10,
  "sound_vol": 0.25,
  "sample_rate": 44100,
  "sample_size": 8
}
