{
  "oldParams": true,
  "wave_type": 2,
  "p_env_attack": -0.319923046120591,
  "p_env_sustain": 0.049578029645462304,
  "p_env_punch": 0.321216605498483,
  "p_env_decay": 0.7604678389758708,
  "p_base_freq": 0.172,
  "p_freq_limit": 0,
  "p_freq_ramp": -0.06753725122837242,
  "p_freq_dramp": 0.1927993913253033,
  "p_vib_strength": -0.17471875377108834,
  "p_vib_speed": -0.26689360343025115,
  "p_arp_mod": 0.8141048208141961,
  "p_arp_speed": 0.3826107381302024,
  "p_duty": 0.870523121877788,
  "p_duty_ramp": 0.00002951691994524775,
  "p_repeat_speed": 0.4181065053374604,
  "p_pha_offset": 0.0027160533852336206,
  "p_pha_ramp": 0.0016124001297242948,
  "p_lpf_freq": 0.9021920073955146,
  "p_lpf_ramp": 0.00022398965738915842,
  "p_lpf_resonance": -0.5171300972460067,
  "p_hpf_freq": 0.4721333071494296,
  "p_hpf_ramp": -0.0036942873551704713,
  "sound_vol": 0.25,
  "sample_rate": 44100,
  "sample_size": 8
}
