{
  "oldParams": true,
  "wave_type": 1,
  "p_env_attack": -0.2549977695298677,
  "p_env_sustain": 0.42509864771407246,
  "p_env_punch": 0.6225378793100458,
  "p_env_decay": -0.3360772706139876,
  "p_base_freq": 0.1583050579778147,
  "p_freq_limit": 0,
  "p_freq_ramp": -0.016164870278030125,
  "p_freq_dramp": 0.734451953425616,
  "p_vib_strength": 0.1567515475535306,
  "p_vib_speed": 0.5522705528644372,
  "p_arp_mod": -0.3301214082076529,
  "p_arp_speed": 0.5576867599469526,
  "p_duty": -0.5342838117196322,
  "p_duty_ramp": 0.0002239439492634682,
  "p_repeat_speed": 0.49238389599560417,
  "p_pha_offset": 0.9052395201844594,
  "p_pha_ramp": -0.7808398017757274,
  "p_lpf_freq": 0.8596614808835636,
  "p_lpf_ramp": 0.014122179718096371,
  "p_lpf_resonance": 0.10765726176731505,
  "p_hpf_freq": 1.923918494963677e-9,
  "p_hpf_ramp": -0.00003462272168543515,
  "sound_vol": 0.25,
  "sample_rate": 44100,
  "sample_size": 8
}
