{
  "oldParams": true,
  "wave_type": 1,
  "p_env_attack": 0.8554548536253629,
  "p_env_sustain": 0.33477153364463236,
  "p_env_punch": 0.5493519521881617,
  "p_env_decay": 0.26419532597030027,
  "p_base_freq": 0.226,
  "p_freq_limit": 0,
  "p_freq_ramp": -0.029847571253497667,
  "p_freq_dramp": -0.048011478710605834,
  "p_vib_strength": 0.19704825104051488,
  "p_vib_speed": -0.3423109911311222,
  "p_arp_mod": -0.39863755072217133,
  "p_arp_speed": 0.603,
  "p_duty": 0.367630233704753,
  "p_duty_ramp": -0.009853995611613015,
  "p_repeat_speed": 0,
  "p_pha_offset": -0.16368891423854087,
  "p_pha_ramp": -0.08050394472012726,
  "p_lpf_freq": 0.3079619047977663,
  "p_lpf_ramp": 0.5526089096762666,
  "p_lpf_resonance": 0.20566605291049145,
  "p_hpf_freq": 0.9780529718698883,
  "p_hpf_ramp": 0.008968811131825096,
  "sound_vol": 1,
  "sample_rate": 44100,
  "sample_size": 8
}
