{
  "oldParams": true,
  "wave_type": 0,
  "p_env_attack": -0.7489161504404869,
  "p_env_sustain": 0.5184085104942218,
  "p_env_punch": 0.14177529456408977,
  "p_env_decay": -0.10392560118457606,
  "p_base_freq": 0.352,
  "p_freq_limit": 0,
  "p_freq_ramp": -0.00031576165495137754,
  "p_freq_dramp": -0.003486217616323568,
  "p_vib_strength": -0.21501819873548397,
  "p_vib_speed": -0.6024260822515759,
  "p_arp_mod": -0.9446222754680662,
  "p_arp_speed": 0.5298502879973055,
  "p_duty": 0.04244866000572167,
  "p_duty_ramp": -0.01680289757920834,
  "p_repeat_speed": 0.10677128976178674,
  "p_pha_offset": -0.009769765045573598,
  "p_pha_ramp": 0.031279152740143625,
  "p_lpf_freq": 0.7267678075111175,
  "p_lpf_ramp": 0.00005351937525062838,
  "p_lpf_resonance": -0.16094124926471043,
  "p_hpf_freq": 0.11412115642043073,
  "p_hpf_ramp": -0.001999254023592831,
  "sound_vol": 0.25,
  "sample_rate": 44100,
  "sample_size": 8
}
