{
  "oldParams": true,
  "wave_type": 0,
  "p_env_attack": -0.33825738047630427,
  "p_env_sustain": 0.5929902023281931,
  "p_env_punch": 0.10943540018221107,
  "p_env_decay": 0.5575980633275204,
  "p_base_freq": 0,
  "p_freq_limit": 0,
  "p_freq_ramp": 0.4064262190344921,
  "p_freq_dramp": -0.35126928089853593,
  "p_vib_strength": -0.02074487645773479,
  "p_vib_speed": -0.9523564885718534,
  "p_arp_mod": 0.6369712661889302,
  "p_arp_speed": -0.41932318928110024,
  "p_duty": -0.5111090910530653,
  "p_duty_ramp": -0.10160814555650707,
  "p_repeat_speed": 0.3801410715934648,
  "p_pha_offset": -0.5501335697318464,
  "p_pha_ramp": 0.382184610051203,
  "p_lpf_freq": 0.9915715648041933,
  "p_lpf_ramp": -0.2228127435122291,
  "p_lpf_resonance": -0.32862607949133693,
  "p_hpf_freq": 0.000025921744049616883,
  "p_hpf_ramp": -0.8545272942571362,
  "sound_vol": 0.25,
  "sample_rate": 44100,
  "sample_size": 8
}
