{
  "oldParams": true,
  "wave_type": 0,
  "p_env_attack": 0.2037967233664005,
  "p_env_sustain": 0.642,
  "p_env_punch": 0.0004715661575117274,
  "p_env_decay": -0.5059956729714463,
  "p_base_freq": 0.129,
  "p_freq_limit": 0,
  "p_freq_ramp": 1.0519756982207096e-8,
  "p_freq_dramp": 0.0006552759568861419,
  "p_vib_strength": -0.000003968795726801153,
  "p_vib_speed": -0.3647443380139288,
  "p_arp_mod": 0.7349495156224313,
  "p_arp_speed": -0.7512234710497028,
  "p_duty": -0.41163103764167275,
  "p_duty_ramp": -0.2525071142723941,
  "p_repeat_speed": -0.9249163063715045,
  "p_pha_offset": 0.0005163450210022549,
  "p_pha_ramp": 0.11248683244054138,
  "p_lpf_freq": 0.22834650739945161,
  "p_lpf_ramp": 0.011877100334367735,
  "p_lpf_resonance": 0.689997927968997,
  "p_hpf_freq": 0.07778633882770535,
  "p_hpf_ramp": -0.43199763523115614,
  "sound_vol": 0.25,
  "sample_rate": 44100,
  "sample_size": 8
}
